john.hillnob@ninjamail.org,Oxford,male,John Hillnob,52
linda.mellonson@ninyahoo.co,Leicester,male,Linda Mellonson,95
mary.nipson@ninyahoo.co,Oxford,male,Mary Nipson,54
jason.castlenob@ninjamail.org,Cambridge,female,Jason Castlenob,101
diana.castlebutter@ninjamail.org,Cambridge,male,Diana Castlebutter,67
mary.gradnip@hotsumo.com,Oxford,male,Mary Gradnip,76
john.nipwhale@ninyahoo.co,Newcastle,male,John Nipwhale,88
john.hillwhale@hotsumo.com,Newcastle,male,John Hillwhale,46
tim.nobwhale@hotsumo.com,Leicester,female,Tim Nobwhale,71
tim.whalenob@dojobox.net,Newcastle,female,Tim Whalenob,22
anna.castlemellon@ninjamail.org,London,female,Anna Castlemellon,57
diana.castlecastle@ninjamail.org,Newcastle,female,Diana Castlecastle,96
diana.nobsmith@ninyahoo.co,Leicester,female,Diana Nobsmith,57
carol.whalenob@ninyahoo.co,London,female,Carol Whalenob,30
anna.gradhill@hotsumo.com,London,female,Anna Gradhill,25
john.castlebutter@ninyahoo.co,London,female,John Castlebutter,64
mary.nobmellon@ninjamail.org,London,female,Mary Nobmellon,68
carol.smithgrad@dojobox.net,Newcastle,female,Carol Smithgrad,36
david.hillcastle@ninyahoo.co,London,male,David Hillcastle,24
maggie.smithgrad@dojobox.net,Newcastle,male,Maggie Smithgrad,50
anna.nipsmith@ninyahoo.co,London,female,Anna Nipsmith,65
diana.underbutter@ninyahoo.co,Leicester,male,Diana Underbutter,91
maggie.butterson@ninjamail.org,Leicester,male,Maggie Butterson,50
mary.scotchnob@dojobox.net,Leicester,female,Mary Scotchnob,96
tim.butternip@ninyahoo.co,Oxford,female,Tim Butternip,79
john.whalescotch@hotsumo.com,Oxford,female,John Whalescotch,69
diana.melloncastle@ninyahoo.co,Newcastle,female,Diana Melloncastle,71
diana.scotchcastle@ninyahoo.co,Oxford,female,Diana Scotchcastle,63
carol.smithsmith@ninjamail.org,Newcastle,male,Carol Smithsmith,66
mary.castlenob@ninjamail.org,Newcastle,female,Mary Castlenob,27
